event_row,event_id,video_time_sec,gt_match_time_sec,gt_match_basis,qwen_video_start_sec,ground_truth_clip,ground_truth,qwen_prediction,correct,tcn_probability,qwen_inference_ms
1,1,4.921,4.921,video_time,3.421,clip_000004s_to_000005s.mp4,active,reduced,0,0.5037118196487427,1374.53
2,2,7.5,7.5,video_time,6.0,clip_000007s_to_000008s.mp4,active,active,1,0.5633220672607422,1310.22
3,3,8.5,8.5,video_time,7.0,clip_000008s_to_000009s.mp4,active,reduced,0,0.7061794996261597,1348.43
4,4,16.605,16.605,video_time,15.105,clip_000016s_to_000017s.mp4,active,reduced,0,0.5938053727149963,1401.34
5,5,17.605,17.605,video_time,16.105,clip_000017s_to_000018s.mp4,active,active,1,0.7995182275772095,1315.54
6,6,18.605,18.605,video_time,17.105,clip_000018s_to_000019s.mp4,active,active,1,0.13922913372516632,1342.7
7,7,21.105,21.105,video_time,19.605,clip_000021s_to_000022s.mp4,active,reduced,0,0.8350620269775391,1318.95
8,8,22.105,22.105,video_time,20.605,clip_000022s_to_000023s.mp4,active,reduced,0,0.7306234836578369,1344.35
9,9,23.711,23.711,video_time,22.211,clip_000023s_to_000024s.mp4,active,active,1,0.6235037028789521,1312.29
10,10,24.921,24.921,video_time,23.421,clip_000024s_to_000025s.mp4,active,active,1,0.5238601684570312,1316.25
11,11,25.605,25.605,video_time,24.105,clip_000025s_to_000026s.mp4,active,active,1,0.7778766751289368,1337.54
12,11,26.605,26.605,video_time,25.105,clip_000026s_to_000027s.mp4,active,active,1,0.47035518288612366,1297.35
13,12,27.605,27.605,video_time,26.105,clip_000027s_to_000028s.mp4,active,active,1,0.8379782438278198,1301.54
14,13,28.316,28.316,video_time,26.816,clip_000028s_to_000029s.mp4,active,active,1,0.6676407098770142,1299.89
15,14,29.316,29.316,video_time,27.816,clip_000029s_to_000030s.mp4,active,active,1,0.7366286516189575,1301.94
16,15,30.316,30.316,video_time,28.816,clip_000030s_to_000031s.mp4,active,active,1,0.7529065489768982,1300.1
17,16,31.316,31.316,video_time,29.816,clip_000031s_to_000032s.mp4,active,active,1,0.7730429172515869,1301.35
18,17,33.316,33.316,video_time,31.816,clip_000033s_to_000034s.mp4,active,active,1,0.8224582672119141,1298.69
19,18,34.921,34.921,video_time,33.421,clip_000034s_to_000035s.mp4,active,active,1,0.8445545434951782,1304.21
20,19,35.921,35.921,video_time,34.421,clip_000035s_to_000036s.mp4,active,active,1,0.8510724902153015,1331.01
21,20,36.921,36.921,video_time,35.421,clip_000036s_to_000037s.mp4,active,active,1,0.8591955304145813,1297.59
22,21,37.921,37.921,video_time,36.421,clip_000037s_to_000038s.mp4,active,active,1,0.8950183987617493,1306.2
23,22,38.921,38.921,video_time,37.421,clip_000038s_to_000039s.mp4,active,active,1,0.6885273456573486,1305.85
24,23,47.211,47.211,video_time,45.711,clip_000047s_to_000048s.mp4,active,active,1,0.3620583042502403,1304.8
25,24,48.316,48.316,video_time,46.816,clip_000048s_to_000049s.mp4,active,reduced,0,0.6391542553901672,1346.13
26,25,49.316,49.316,video_time,47.816,clip_000049s_to_000050s.mp4,active,active,1,0.8234411478042603,1304.71
27,26,51.605,51.605,video_time,50.105,clip_000051s_to_000052s.mp4,active,active,1,0.8169220089912415,1302.98
28,27,52.605,52.605,video_time,51.105,clip_000052s_to_000053s.mp4,active,reduced,0,0.8329434394836426,1390.61
29,28,53.605,53.605,video_time,52.105,clip_000053s_to_000054s.mp4,active,reduced,0,0.7258617281913757,1366.81
30,29,62.211,62.211,video_time,60.711,clip_000062s_to_000063s.mp4,active,reduced,0,0.46029295325279235,1345.51
31,30,86.605,86.605,video_time,85.105,clip_000086s_to_000087s.mp4,active,reduced,0,0.6061818301677704,1343.48
32,31,94.605,94.605,video_time,93.105,clip_000094s_to_000095s.mp4,active,reduced,0,0.7937098741531372,1347.48
33,32,116.605,116.605,video_time,115.105,clip_000116s_to_000117s.mp4,active,reduced,0,0.5003142356872559,1346.67
34,33,117.816,117.816,video_time,116.316,clip_000117s_to_000118s.mp4,active,reduced,0,0.5481000542640686,1344.07
35,34,118.816,118.816,video_time,117.316,clip_000118s_to_000119s.mp4,active,active,1,0.5510252714157104,1296.32
36,35,125.211,125.211,video_time,123.711,clip_000125s_to_000126s.mp4,active,active,1,0.5960372686386108,1299.45
37,36,126.211,126.211,video_time,124.711,clip_000126s_to_000127s.mp4,active,reduced,0,0.5690780282020569,1346.52
38,37,136.605,136.605,video_time,135.105,clip_000136s_to_000137s.mp4,active,active,1,0.5213149785995483,1299.56
39,38,151.316,151.316,video_time,149.816,clip_000151s_to_000152s.mp4,active,active,1,0.8113932967185974,1303.89
40,39,157.711,157.711,video_time,156.211,clip_000157s_to_000158s.mp4,active,reduced,0,0.7417541146278381,1353.39
41,40,158.711,158.711,video_time,157.211,clip_000158s_to_000159s.mp4,active,active,1,0.8116050958633423,1312.98
42,41,159.711,159.711,video_time,158.211,clip_000159s_to_000160s.mp4,active,reduced,0,0.7719689607620239,1352.81
43,42,160.711,160.711,video_time,159.211,clip_000160s_to_000161s.mp4,active,active,1,0.6946501135826111,1296.6
44,43,161.711,161.711,video_time,160.211,clip_000161s_to_000162s.mp4,active,reduced,0,0.7824605107307434,1353.85
45,44,162.711,162.711,video_time,161.211,clip_000162s_to_000163s.mp4,active,reduced,0,0.8570801019668579,1355.86
46,45,163.711,163.711,video_time,162.211,clip_000163s_to_000164s.mp4,active,reduced,0,0.7843362092971802,1357.9
47,46,164.711,164.711,video_time,163.211,clip_000164s_to_000165s.mp4,active,reduced,0,0.8195992708206177,1358.1
48,47,165.711,165.711,video_time,164.211,clip_000165s_to_000166s.mp4,active,active,1,0.8221882581710815,1312.52
49,48,166.711,166.711,video_time,165.211,clip_000166s_to_000167s.mp4,active,reduced,0,0.8142189979553223,1360.92
50,49,167.711,167.711,video_time,166.211,clip_000167s_to_000168s.mp4,active,reduced,0,0.7660930752754211,1360.54
51,50,177.816,177.816,video_time,176.316,clip_000177s_to_000178s.mp4,active,reduced,0,0.7528401613235474,1356.52
52,51,178.816,178.816,video_time,177.316,clip_000178s_to_000179s.mp4,active,reduced,0,0.7022404074668884,1357.87
53,52,182.605,182.605,video_time,181.105,clip_000182s_to_000183s.mp4,active,reduced,0,0.5030439496040344,1355.78
54,53,194.816,194.816,video_time,193.316,clip_000194s_to_000195s.mp4,active,reduced,0,0.6260252594947815,1352.05
55,54,195.816,195.816,video_time,194.316,clip_000195s_to_000196s.mp4,active,reduced,0,0.6305152177810669,1355.2
56,55,198.711,198.711,video_time,197.211,clip_000198s_to_000199s.mp4,active,active,1,0.5348483920097351,1307.55
57,56,199.711,199.711,video_time,198.211,clip_000199s_to_000200s.mp4,active,active,1,0.5640815496444702,1306.24
58,57,206.421,206.421,video_time,204.921,clip_000206s_to_000207s.mp4,active,active,1,0.5882933735847473,1339.87
59,58,207.421,207.421,video_time,205.921,clip_000207s_to_000208s.mp4,active,reduced,0,0.8065066337585449,1355.33
60,59,208.421,208.421,video_time,206.921,clip_000208s_to_000209s.mp4,active,active,1,0.6563586592674255,1310.97
61,60,216.211,216.211,video_time,214.711,clip_000216s_to_000217s.mp4,active,reduced,0,0.6270734071731567,1350.19
62,61,217.211,217.211,video_time,215.711,clip_000217s_to_000218s.mp4,active,active,1,0.5217241048812866,1301.67
63,62,221.816,221.816,video_time,220.316,clip_000221s_to_000222s.mp4,no_visible_response,no_visible_response,1,0.6101391673088074,1399.39
64,63,222.921,222.921,video_time,221.421,clip_000222s_to_000223s.mp4,no_visible_response,no_visible_response,1,0.8345059514045715,1393.44
65,64,223.605,223.605,video_time,222.105,clip_000223s_to_000224s.mp4,no_visible_response,active,0,0.6222743391990662,1311.71
66,64,224.605,224.605,video_time,223.105,clip_000224s_to_000225s.mp4,no_visible_response,reduced,0,0.5289582014083862,1380.74
67,65,225.921,225.921,video_time,224.421,clip_000225s_to_000226s.mp4,no_visible_response,reduced,0,0.6549261510372162,1355.52
68,66,226.921,226.921,video_time,225.421,clip_000226s_to_000227s.mp4,no_visible_response,no_visible_response,1,0.7208072066307067,1400.71
69,67,227.921,227.921,video_time,226.421,clip_000227s_to_000228s.mp4,no_visible_response,no_visible_response,1,0.8047474980354309,1397.54
70,68,228.921,228.921,video_time,227.421,clip_000228s_to_000229s.mp4,no_visible_response,no_visible_response,1,0.8039806246757507,1401.77
71,69,246.0,246.0,video_time,244.5,clip_000246s_to_000247s.mp4,no_visible_response,no_visible_response,1,0.6070280492305755,1399.41
72,70,246.711,246.711,video_time,245.211,clip_000246s_to_000247s.mp4,no_visible_response,no_visible_response,1,0.6795229315757751,1405.67
73,70,247.711,247.711,video_time,246.211,clip_000247s_to_000248s.mp4,no_visible_response,no_visible_response,1,0.8648279905319214,1410.17
74,70,248.711,248.711,video_time,247.211,clip_000248s_to_000249s.mp4,no_visible_response,no_visible_response,1,0.6758267283439636,1404.84
75,70,249.711,249.711,video_time,248.211,clip_000249s_to_000250s.mp4,no_visible_response,no_visible_response,1,0.7073000073432922,1420.81
76,70,250.711,250.711,video_time,249.211,clip_000250s_to_000251s.mp4,no_visible_response,no_visible_response,1,0.8810009956359863,1408.6
77,70,251.711,251.711,video_time,250.211,clip_000251s_to_000252s.mp4,no_visible_response,reduced,0,0.7694686651229858,1359.96
78,70,252.711,252.711,video_time,251.211,clip_000252s_to_000253s.mp4,reduced,reduced,1,0.22012658417224884,1361.88
79,71,260.5,260.5,video_time,259.0,clip_000260s_to_000261s.mp4,reduced,active,0,0.3702315270900726,1304.27
80,72,261.816,261.816,video_time,260.316,clip_000261s_to_000262s.mp4,reduced,reduced,1,0.8172794580459595,1378.64
81,73,262.816,262.816,video_time,261.316,clip_000262s_to_000263s.mp4,reduced,reduced,1,0.5483545064926147,1376.82
82,74,263.816,263.816,video_time,262.316,clip_000263s_to_000264s.mp4,reduced,reduced,1,0.6047362089157104,1378.09
83,75,265.421,265.421,video_time,263.921,clip_000265s_to_000266s.mp4,reduced,reduced,1,0.6991547346115112,1357.24
84,76,266.421,266.421,video_time,264.921,clip_000266s_to_000267s.mp4,reduced,reduced,1,0.6712052226066589,1356.65
85,77,268.421,268.421,video_time,266.921,clip_000268s_to_000269s.mp4,reduced,reduced,1,0.44059120416641234,1356.11
86,78,269.105,269.105,video_time,267.605,clip_000269s_to_000270s.mp4,reduced,no_visible_response,0,0.15866383910179138,1377.45
87,79,276.421,276.421,video_time,274.921,clip_000276s_to_000277s.mp4,reduced,reduced,1,0.5833336710929871,1358.83
