clip_name,driver_response,source_gt_clip
clip_000000s_to_000001s.mp4,active,clip_000000s_to_000001s.mp4
clip_000001s_to_000002s.mp4,active,clip_000001s_to_000002s.mp4
clip_000002s_to_000003s.mp4,active,clip_000002s_to_000003s.mp4
clip_000003s_to_000004s.mp4,active,clip_000003s_to_000004s.mp4
clip_000004s_to_000005s.mp4,active,clip_000004s_to_000005s.mp4
clip_000005s_to_000006s.mp4,active,clip_000005s_to_000006s.mp4
clip_000006s_to_000007s.mp4,active,clip_000006s_to_000007s.mp4
clip_000007s_to_000008s.mp4,active,clip_000007s_to_000008s.mp4
clip_000008s_to_000009s.mp4,active,clip_000008s_to_000009s.mp4
clip_000009s_to_000010s.mp4,active,clip_000009s_to_000010s.mp4
clip_000010s_to_000011s.mp4,active,clip_000010s_to_000011s.mp4
clip_000011s_to_000012s.mp4,active,clip_000011s_to_000012s.mp4
clip_000012s_to_000013s.mp4,active,clip_000012s_to_000013s.mp4
clip_000013s_to_000014s.mp4,active,clip_000013s_to_000014s.mp4
clip_000014s_to_000015s.mp4,active,clip_000014s_to_000015s.mp4
clip_000015s_to_000016s.mp4,active,clip_000015s_to_000016s.mp4
clip_000016s_to_000017s.mp4,active,clip_000016s_to_000017s.mp4
clip_000017s_to_000018s.mp4,active,clip_000017s_to_000018s.mp4
clip_000018s_to_000019s.mp4,active,clip_000018s_to_000019s.mp4
clip_000019s_to_000020s.mp4,active,clip_000019s_to_000020s.mp4
clip_000020s_to_000021s.mp4,active,clip_000020s_to_000021s.mp4
clip_000021s_to_000022s.mp4,active,clip_000021s_to_000022s.mp4
clip_000022s_to_000023s.mp4,active,clip_000022s_to_000023s.mp4
clip_000023s_to_000024s.mp4,active,clip_000023s_to_000024s.mp4
clip_000024s_to_000025s.mp4,active,clip_000024s_to_000025s.mp4
clip_000025s_to_000026s.mp4,active,clip_000025s_to_000026s.mp4
clip_000026s_to_000027s.mp4,active,clip_000026s_to_000027s.mp4
clip_000027s_to_000028s.mp4,active,clip_000027s_to_000028s.mp4
clip_000028s_to_000029s.mp4,active,clip_000028s_to_000029s.mp4
clip_000029s_to_000030s.mp4,active,clip_000029s_to_000030s.mp4
clip_000030s_to_000031s.mp4,active,clip_000030s_to_000031s.mp4
clip_000031s_to_000032s.mp4,active,clip_000031s_to_000032s.mp4
clip_000032s_to_000033s.mp4,active,clip_000032s_to_000033s.mp4
clip_000033s_to_000034s.mp4,active,clip_000033s_to_000034s.mp4
clip_000034s_to_000035s.mp4,active,clip_000034s_to_000035s.mp4
clip_000035s_to_000036s.mp4,active,clip_000035s_to_000036s.mp4
clip_000036s_to_000037s.mp4,active,clip_000036s_to_000037s.mp4
clip_000037s_to_000038s.mp4,active,clip_000037s_to_000038s.mp4
clip_000038s_to_000039s.mp4,active,clip_000038s_to_000039s.mp4
clip_000039s_to_000040s.mp4,active,clip_000039s_to_000040s.mp4
clip_000040s_to_000041s.mp4,active,clip_000040s_to_000041s.mp4
clip_000041s_to_000042s.mp4,active,clip_000041s_to_000042s.mp4
clip_000042s_to_000043s.mp4,active,clip_000042s_to_000043s.mp4
clip_000043s_to_000044s.mp4,active,clip_000043s_to_000044s.mp4
clip_000044s_to_000045s.mp4,active,clip_000044s_to_000045s.mp4
clip_000045s_to_000046s.mp4,active,clip_000045s_to_000046s.mp4
clip_000046s_to_000047s.mp4,active,clip_000046s_to_000047s.mp4
clip_000047s_to_000048s.mp4,active,clip_000047s_to_000048s.mp4
clip_000048s_to_000049s.mp4,active,clip_000048s_to_000049s.mp4
clip_000049s_to_000050s.mp4,active,clip_000049s_to_000050s.mp4
clip_000050s_to_000051s.mp4,active,clip_000050s_to_000051s.mp4
clip_000051s_to_000052s.mp4,active,clip_000051s_to_000052s.mp4
clip_000052s_to_000053s.mp4,active,clip_000052s_to_000053s.mp4
clip_000053s_to_000054s.mp4,active,clip_000053s_to_000054s.mp4
clip_000054s_to_000055s.mp4,active,clip_000054s_to_000055s.mp4
clip_000055s_to_000056s.mp4,active,clip_000055s_to_000056s.mp4
clip_000056s_to_000057s.mp4,active,clip_000056s_to_000057s.mp4
clip_000057s_to_000058s.mp4,active,clip_000057s_to_000058s.mp4
clip_000058s_to_000059s.mp4,active,clip_000058s_to_000059s.mp4
clip_000059s_to_000060s.mp4,active,clip_000059s_to_000060s.mp4
clip_000060s_to_000061s.mp4,active,clip_000060s_to_000061s.mp4
clip_000061s_to_000062s.mp4,active,clip_000061s_to_000062s.mp4
clip_000062s_to_000063s.mp4,active,clip_000062s_to_000063s.mp4
clip_000063s_to_000064s.mp4,active,clip_000063s_to_000064s.mp4
clip_000064s_to_000065s.mp4,active,clip_000064s_to_000065s.mp4
clip_000065s_to_000066s.mp4,active,clip_000065s_to_000066s.mp4
clip_000066s_to_000067s.mp4,active,clip_000066s_to_000067s.mp4
clip_000067s_to_000068s.mp4,active,clip_000067s_to_000068s.mp4
clip_000068s_to_000069s.mp4,active,clip_000068s_to_000069s.mp4
clip_000069s_to_000070s.mp4,active,clip_000069s_to_000070s.mp4
clip_000070s_to_000071s.mp4,active,clip_000070s_to_000071s.mp4
clip_000071s_to_000072s.mp4,active,clip_000071s_to_000072s.mp4
clip_000072s_to_000073s.mp4,active,clip_000072s_to_000073s.mp4
clip_000073s_to_000074s.mp4,active,clip_000073s_to_000074s.mp4
clip_000074s_to_000075s.mp4,active,clip_000074s_to_000075s.mp4
clip_000075s_to_000076s.mp4,active,clip_000075s_to_000076s.mp4
clip_000076s_to_000077s.mp4,active,clip_000076s_to_000077s.mp4
clip_000077s_to_000078s.mp4,active,clip_000077s_to_000078s.mp4
clip_000078s_to_000079s.mp4,active,clip_000078s_to_000079s.mp4
clip_000079s_to_000080s.mp4,active,clip_000079s_to_000080s.mp4
clip_000080s_to_000081s.mp4,active,clip_000080s_to_000081s.mp4
clip_000081s_to_000082s.mp4,active,clip_000081s_to_000082s.mp4
clip_000082s_to_000083s.mp4,active,clip_000082s_to_000083s.mp4
clip_000083s_to_000084s.mp4,active,clip_000083s_to_000084s.mp4
clip_000084s_to_000085s.mp4,active,clip_000084s_to_000085s.mp4
clip_000085s_to_000086s.mp4,active,clip_000085s_to_000086s.mp4
clip_000086s_to_000087s.mp4,active,clip_000086s_to_000087s.mp4
clip_000087s_to_000088s.mp4,active,clip_000087s_to_000088s.mp4
clip_000088s_to_000089s.mp4,active,clip_000088s_to_000089s.mp4
clip_000089s_to_000090s.mp4,active,clip_000089s_to_000090s.mp4
clip_000090s_to_000091s.mp4,active,clip_000090s_to_000091s.mp4
clip_000091s_to_000092s.mp4,active,clip_000091s_to_000092s.mp4
clip_000092s_to_000093s.mp4,active,clip_000092s_to_000093s.mp4
clip_000093s_to_000094s.mp4,active,clip_000093s_to_000094s.mp4
clip_000094s_to_000095s.mp4,active,clip_000094s_to_000095s.mp4
clip_000095s_to_000096s.mp4,active,clip_000095s_to_000096s.mp4
clip_000096s_to_000097s.mp4,active,clip_000096s_to_000097s.mp4
clip_000097s_to_000098s.mp4,active,clip_000097s_to_000098s.mp4
clip_000098s_to_000099s.mp4,active,clip_000098s_to_000099s.mp4
clip_000099s_to_000100s.mp4,active,clip_000099s_to_000100s.mp4
clip_000100s_to_000101s.mp4,active,clip_000100s_to_000101s.mp4
clip_000101s_to_000102s.mp4,active,clip_000101s_to_000102s.mp4
clip_000102s_to_000103s.mp4,active,clip_000102s_to_000103s.mp4
clip_000103s_to_000104s.mp4,active,clip_000103s_to_000104s.mp4
clip_000104s_to_000105s.mp4,active,clip_000104s_to_000105s.mp4
clip_000105s_to_000106s.mp4,active,clip_000105s_to_000106s.mp4
clip_000106s_to_000107s.mp4,active,clip_000106s_to_000107s.mp4
clip_000107s_to_000108s.mp4,active,clip_000107s_to_000108s.mp4
clip_000108s_to_000109s.mp4,active,clip_000108s_to_000109s.mp4
clip_000109s_to_000110s.mp4,active,clip_000109s_to_000110s.mp4
clip_000110s_to_000111s.mp4,active,clip_000110s_to_000111s.mp4
clip_000111s_to_000112s.mp4,active,clip_000111s_to_000112s.mp4
clip_000112s_to_000113s.mp4,active,clip_000112s_to_000113s.mp4
clip_000113s_to_000114s.mp4,active,clip_000113s_to_000114s.mp4
clip_000114s_to_000115s.mp4,active,clip_000114s_to_000115s.mp4
clip_000115s_to_000116s.mp4,active,clip_000115s_to_000116s.mp4
clip_000116s_to_000117s.mp4,active,clip_000116s_to_000117s.mp4
clip_000117s_to_000118s.mp4,active,clip_000117s_to_000118s.mp4
clip_000118s_to_000119s.mp4,active,clip_000118s_to_000119s.mp4
clip_000119s_to_000120s.mp4,active,clip_000119s_to_000120s.mp4
clip_000120s_to_000121s.mp4,active,clip_000120s_to_000121s.mp4
clip_000121s_to_000122s.mp4,active,clip_000121s_to_000122s.mp4
clip_000122s_to_000123s.mp4,active,clip_000122s_to_000123s.mp4
clip_000123s_to_000124s.mp4,active,clip_000123s_to_000124s.mp4
clip_000124s_to_000125s.mp4,active,clip_000124s_to_000125s.mp4
clip_000125s_to_000126s.mp4,active,clip_000125s_to_000126s.mp4
clip_000126s_to_000127s.mp4,active,clip_000126s_to_000127s.mp4
clip_000127s_to_000128s.mp4,active,clip_000127s_to_000128s.mp4
clip_000128s_to_000129s.mp4,active,clip_000128s_to_000129s.mp4
clip_000129s_to_000130s.mp4,active,clip_000129s_to_000130s.mp4
clip_000130s_to_000131s.mp4,active,clip_000130s_to_000131s.mp4
clip_000131s_to_000132s.mp4,active,clip_000131s_to_000132s.mp4
clip_000132s_to_000133s.mp4,active,clip_000132s_to_000133s.mp4
clip_000133s_to_000134s.mp4,active,clip_000133s_to_000134s.mp4
clip_000134s_to_000135s.mp4,active,clip_000134s_to_000135s.mp4
clip_000135s_to_000136s.mp4,active,clip_000135s_to_000136s.mp4
clip_000136s_to_000137s.mp4,active,clip_000136s_to_000137s.mp4
clip_000137s_to_000138s.mp4,active,clip_000137s_to_000138s.mp4
clip_000138s_to_000139s.mp4,active,clip_000138s_to_000139s.mp4
clip_000139s_to_000140s.mp4,active,clip_000139s_to_000140s.mp4
clip_000140s_to_000141s.mp4,active,clip_000140s_to_000141s.mp4
clip_000141s_to_000142s.mp4,active,clip_000141s_to_000142s.mp4
clip_000142s_to_000143s.mp4,active,clip_000142s_to_000143s.mp4
clip_000143s_to_000144s.mp4,active,clip_000143s_to_000144s.mp4
clip_000144s_to_000145s.mp4,active,clip_000144s_to_000145s.mp4
clip_000145s_to_000146s.mp4,active,clip_000145s_to_000146s.mp4
clip_000146s_to_000147s.mp4,active,clip_000146s_to_000147s.mp4
clip_000147s_to_000148s.mp4,active,clip_000147s_to_000148s.mp4
clip_000148s_to_000149s.mp4,active,clip_000148s_to_000149s.mp4
clip_000149s_to_000150s.mp4,active,clip_000149s_to_000150s.mp4
clip_000150s_to_000151s.mp4,active,clip_000150s_to_000151s.mp4
clip_000151s_to_000152s.mp4,active,clip_000151s_to_000152s.mp4
clip_000152s_to_000153s.mp4,active,clip_000152s_to_000153s.mp4
clip_000153s_to_000154s.mp4,active,clip_000153s_to_000154s.mp4
clip_000154s_to_000155s.mp4,active,clip_000154s_to_000155s.mp4
clip_000155s_to_000156s.mp4,active,clip_000155s_to_000156s.mp4
clip_000156s_to_000157s.mp4,active,clip_000156s_to_000157s.mp4
clip_000157s_to_000158s.mp4,active,clip_000157s_to_000158s.mp4
clip_000158s_to_000159s.mp4,active,clip_000158s_to_000159s.mp4
clip_000159s_to_000160s.mp4,active,clip_000159s_to_000160s.mp4
clip_000160s_to_000161s.mp4,active,clip_000160s_to_000161s.mp4
clip_000161s_to_000162s.mp4,active,clip_000161s_to_000162s.mp4
clip_000162s_to_000163s.mp4,active,clip_000162s_to_000163s.mp4
clip_000163s_to_000164s.mp4,active,clip_000163s_to_000164s.mp4
clip_000164s_to_000165s.mp4,active,clip_000164s_to_000165s.mp4
clip_000165s_to_000166s.mp4,active,clip_000165s_to_000166s.mp4
clip_000166s_to_000167s.mp4,active,clip_000166s_to_000167s.mp4
clip_000167s_to_000168s.mp4,active,clip_000167s_to_000168s.mp4
clip_000168s_to_000169s.mp4,active,clip_000168s_to_000169s.mp4
clip_000169s_to_000170s.mp4,active,clip_000169s_to_000170s.mp4
clip_000170s_to_000171s.mp4,active,clip_000170s_to_000171s.mp4
clip_000171s_to_000172s.mp4,active,clip_000171s_to_000172s.mp4
clip_000172s_to_000173s.mp4,active,clip_000172s_to_000173s.mp4
clip_000173s_to_000174s.mp4,active,clip_000173s_to_000174s.mp4
clip_000174s_to_000175s.mp4,active,clip_000174s_to_000175s.mp4
clip_000175s_to_000176s.mp4,active,clip_000175s_to_000176s.mp4
clip_000176s_to_000177s.mp4,active,clip_000176s_to_000177s.mp4
clip_000177s_to_000178s.mp4,active,clip_000177s_to_000178s.mp4
clip_000178s_to_000179s.mp4,active,clip_000178s_to_000179s.mp4
clip_000179s_to_000180s.mp4,active,clip_000179s_to_000180s.mp4
clip_000180s_to_000181s.mp4,active,clip_000180s_to_000181s.mp4
clip_000181s_to_000182s.mp4,active,clip_000181s_to_000182s.mp4
clip_000182s_to_000183s.mp4,active,clip_000182s_to_000183s.mp4
clip_000183s_to_000184s.mp4,active,clip_000183s_to_000184s.mp4
clip_000184s_to_000185s.mp4,active,clip_000184s_to_000185s.mp4
clip_000185s_to_000186s.mp4,active,clip_000185s_to_000186s.mp4
clip_000186s_to_000187s.mp4,active,clip_000186s_to_000187s.mp4
clip_000187s_to_000188s.mp4,active,clip_000187s_to_000188s.mp4
clip_000188s_to_000189s.mp4,active,clip_000188s_to_000189s.mp4
clip_000189s_to_000190s.mp4,active,clip_000189s_to_000190s.mp4
clip_000190s_to_000191s.mp4,active,clip_000190s_to_000191s.mp4
clip_000191s_to_000192s.mp4,active,clip_000191s_to_000192s.mp4
clip_000192s_to_000193s.mp4,active,clip_000192s_to_000193s.mp4
clip_000193s_to_000194s.mp4,active,clip_000193s_to_000194s.mp4
clip_000194s_to_000195s.mp4,active,clip_000194s_to_000195s.mp4
clip_000195s_to_000196s.mp4,active,clip_000195s_to_000196s.mp4
clip_000196s_to_000197s.mp4,active,clip_000196s_to_000197s.mp4
clip_000197s_to_000198s.mp4,active,clip_000197s_to_000198s.mp4
clip_000198s_to_000199s.mp4,active,clip_000198s_to_000199s.mp4
clip_000199s_to_000200s.mp4,active,clip_000199s_to_000200s.mp4
clip_000200s_to_000201s.mp4,active,clip_000200s_to_000201s.mp4
clip_000201s_to_000202s.mp4,active,clip_000201s_to_000202s.mp4
clip_000202s_to_000203s.mp4,active,clip_000202s_to_000203s.mp4
clip_000203s_to_000204s.mp4,active,clip_000203s_to_000204s.mp4
clip_000204s_to_000205s.mp4,active,clip_000204s_to_000205s.mp4
clip_000205s_to_000206s.mp4,active,clip_000205s_to_000206s.mp4
clip_000206s_to_000207s.mp4,active,clip_000206s_to_000207s.mp4
clip_000207s_to_000208s.mp4,active,clip_000207s_to_000208s.mp4
clip_000208s_to_000209s.mp4,active,clip_000208s_to_000209s.mp4
clip_000209s_to_000210s.mp4,active,clip_000209s_to_000210s.mp4
clip_000210s_to_000211s.mp4,active,clip_000210s_to_000211s.mp4
clip_000211s_to_000212s.mp4,active,clip_000211s_to_000212s.mp4
clip_000212s_to_000213s.mp4,active,clip_000212s_to_000213s.mp4
clip_000213s_to_000214s.mp4,active,clip_000213s_to_000214s.mp4
clip_000214s_to_000215s.mp4,active,clip_000214s_to_000215s.mp4
clip_000215s_to_000216s.mp4,active,clip_000215s_to_000216s.mp4
clip_000216s_to_000217s.mp4,active,clip_000216s_to_000217s.mp4
clip_000217s_to_000218s.mp4,active,clip_000217s_to_000218s.mp4
clip_000218s_to_000219s.mp4,active,clip_000218s_to_000219s.mp4
clip_000219s_to_000220s.mp4,no_visible_response,clip_000219s_to_000220s.mp4
clip_000220s_to_000221s.mp4,no_visible_response,clip_000220s_to_000221s.mp4
clip_000221s_to_000222s.mp4,no_visible_response,clip_000221s_to_000222s.mp4
clip_000222s_to_000223s.mp4,no_visible_response,clip_000222s_to_000223s.mp4
clip_000223s_to_000224s.mp4,no_visible_response,clip_000223s_to_000224s.mp4
clip_000224s_to_000225s.mp4,no_visible_response,clip_000224s_to_000225s.mp4
clip_000225s_to_000226s.mp4,no_visible_response,clip_000225s_to_000226s.mp4
clip_000226s_to_000227s.mp4,no_visible_response,clip_000226s_to_000227s.mp4
clip_000227s_to_000228s.mp4,no_visible_response,clip_000227s_to_000228s.mp4
clip_000228s_to_000229s.mp4,no_visible_response,clip_000228s_to_000229s.mp4
clip_000229s_to_000230s.mp4,no_visible_response,clip_000229s_to_000230s.mp4
clip_000230s_to_000231s.mp4,reduced,clip_000230s_to_000231s.mp4
clip_000231s_to_000232s.mp4,reduced,clip_000231s_to_000232s.mp4
clip_000232s_to_000233s.mp4,reduced,clip_000232s_to_000233s.mp4
clip_000233s_to_000234s.mp4,reduced,clip_000233s_to_000234s.mp4
clip_000234s_to_000235s.mp4,reduced,clip_000234s_to_000235s.mp4
clip_000235s_to_000236s.mp4,reduced,clip_000235s_to_000236s.mp4
clip_000236s_to_000237s.mp4,reduced,clip_000236s_to_000237s.mp4
clip_000237s_to_000238s.mp4,reduced,clip_000237s_to_000238s.mp4
clip_000238s_to_000239s.mp4,reduced,clip_000238s_to_000239s.mp4
clip_000239s_to_000240s.mp4,reduced,clip_000239s_to_000240s.mp4
clip_000240s_to_000241s.mp4,reduced,clip_000240s_to_000241s.mp4
clip_000241s_to_000242s.mp4,reduced,clip_000241s_to_000242s.mp4
clip_000242s_to_000243s.mp4,reduced,clip_000242s_to_000243s.mp4
clip_000243s_to_000244s.mp4,no_visible_response,clip_000243s_to_000244s.mp4
clip_000244s_to_000245s.mp4,no_visible_response,clip_000244s_to_000245s.mp4
clip_000245s_to_000246s.mp4,no_visible_response,clip_000245s_to_000246s.mp4
clip_000246s_to_000247s.mp4,no_visible_response,clip_000246s_to_000247s.mp4
clip_000247s_to_000248s.mp4,no_visible_response,clip_000247s_to_000248s.mp4
clip_000248s_to_000249s.mp4,no_visible_response,clip_000248s_to_000249s.mp4
clip_000249s_to_000250s.mp4,no_visible_response,clip_000249s_to_000250s.mp4
clip_000250s_to_000251s.mp4,no_visible_response,clip_000250s_to_000251s.mp4
clip_000251s_to_000252s.mp4,no_visible_response,clip_000251s_to_000252s.mp4
clip_000252s_to_000253s.mp4,reduced,clip_000252s_to_000253s.mp4
clip_000253s_to_000254s.mp4,reduced,clip_000253s_to_000254s.mp4
clip_000254s_to_000255s.mp4,reduced,clip_000254s_to_000255s.mp4
clip_000255s_to_000256s.mp4,reduced,clip_000255s_to_000256s.mp4
clip_000256s_to_000257s.mp4,reduced,clip_000256s_to_000257s.mp4
clip_000257s_to_000258s.mp4,reduced,clip_000257s_to_000258s.mp4
clip_000258s_to_000259s.mp4,reduced,clip_000258s_to_000259s.mp4
clip_000259s_to_000260s.mp4,reduced,clip_000259s_to_000260s.mp4
clip_000260s_to_000261s.mp4,reduced,clip_000260s_to_000261s.mp4
clip_000261s_to_000262s.mp4,reduced,clip_000261s_to_000262s.mp4
clip_000262s_to_000263s.mp4,reduced,clip_000262s_to_000263s.mp4
clip_000263s_to_000264s.mp4,reduced,clip_000263s_to_000264s.mp4
clip_000264s_to_000265s.mp4,reduced,clip_000264s_to_000265s.mp4
clip_000265s_to_000266s.mp4,reduced,clip_000265s_to_000266s.mp4
clip_000266s_to_000267s.mp4,reduced,clip_000266s_to_000267s.mp4
clip_000267s_to_000268s.mp4,reduced,clip_000267s_to_000268s.mp4
clip_000268s_to_000269s.mp4,reduced,clip_000268s_to_000269s.mp4
clip_000269s_to_000270s.mp4,reduced,clip_000269s_to_000270s.mp4
clip_000270s_to_000271s.mp4,reduced,clip_000270s_to_000271s.mp4
clip_000271s_to_000272s.mp4,reduced,clip_000271s_to_000272s.mp4
clip_000272s_to_000273s.mp4,reduced,clip_000272s_to_000273s.mp4
clip_000273s_to_000274s.mp4,reduced,clip_000273s_to_000274s.mp4
clip_000274s_to_000275s.mp4,reduced,clip_000274s_to_000275s.mp4
clip_000275s_to_000276s.mp4,reduced,clip_000275s_to_000276s.mp4
clip_000276s_to_000277s.mp4,reduced,clip_000276s_to_000277s.mp4
clip_000277s_to_000278s.mp4,reduced,clip_000277s_to_000278s.mp4
clip_000278s_to_000279s.mp4,reduced,clip_000278s_to_000279s.mp4
clip_000279s_to_000280s.mp4,reduced,clip_000279s_to_000280s.mp4
clip_000280s_to_000281s.mp4,reduced,clip_000280s_to_000281s.mp4
clip_000281s_to_000282s.mp4,reduced,clip_000281s_to_000282s.mp4
clip_000282s_to_000283s.mp4,reduced,clip_000282s_to_000283s.mp4
clip_000283s_to_000284s.mp4,reduced,clip_000283s_to_000284s.mp4
clip_000284s_to_000285s.mp4,reduced,clip_000284s_to_000285s.mp4
clip_000285s_to_000286s.mp4,reduced,clip_000285s_to_000286s.mp4
clip_000286s_to_000288s.mp4,reduced,clip_000284s_to_000288s.mp4
clip_000288s_to_000292s.mp4,reduced,clip_000288s_to_000292s.mp4
clip_000292s_to_000296s.mp4,no_visible_response,clip_000292s_to_000296s.mp4
clip_000296s_to_000300s.mp4,reduced,clip_000296s_to_000300s.mp4
clip_000300s_to_000304s.mp4,reduced,clip_000300s_to_000304s.mp4
clip_000304s_to_000308s.mp4,reduced,clip_000304s_to_000308s.mp4
clip_000308s_to_000312s.mp4,reduced,clip_000308s_to_000312s.mp4
clip_000312s_to_000316s.mp4,reduced,clip_000312s_to_000316s.mp4
clip_000316s_to_000320s.mp4,reduced,clip_000316s_to_000320s.mp4
clip_000320s_to_000324s.mp4,reduced,clip_000320s_to_000324s.mp4
clip_000324s_to_000328s.mp4,reduced,clip_000324s_to_000328s.mp4
clip_000328s_to_000332s.mp4,reduced,clip_000328s_to_000332s.mp4
clip_000332s_to_000336s.mp4,no_visible_response,clip_000332s_to_000336s.mp4
clip_000336s_to_000340s.mp4,no_visible_response,clip_000335s_to_000339s.mp4
