video_id,subject_id,start_time,end_time,label
1000013115,S01,0.0,219.833,active
1000013115,S01,219.833,220.633,reduced
1000013115,S01,220.633,229.433,no_visible_response
1000013115,S01,229.433,230.033,reduced
1000013115,S01,230.033,243.833,active
1000013115,S01,243.833,245.833,reduced
1000013115,S01,245.833,252.033,no_visible_response
1000013115,S01,252.033,252.633,reduced
1000013115,S01,252.633,288.033,active
1000013115,S01,288.033,290.833,reduced
1000013115,S01,290.833,297.633,no_visible_response
1000013115,S01,297.633,298.233,reduced
1000013115,S01,298.233,306.233,active
1000013115,S01,306.233,307.233,reduced
1000013115,S01,307.233,309.633,no_visible_response
1000013115,S01,309.633,310.633,reduced
1000013115,S01,310.633,313.033,active
1000013115,S01,313.033,313.833,reduced
1000013115,S01,313.833,318.233,no_visible_response
1000013115,S01,318.233,319.033,reduced
1000013115,S01,319.033,334.033,active
1000013115,S01,334.033,335.033,reduced
1000013115,S01,335.033,339.599,no_visible_response
